mu0_func,mu_func,noise_var,K,N,interpolation_kind,gamma,null_rejection_rate
0,0,[0],10,100,CubicSpline,0.0,0.105
0,0,[0.5],10,100,CubicSpline,0.0,0.09
0,0,[0],10,200,CubicSpline,0.0,0.085
0,0,[0.5],10,200,CubicSpline,0.0,0.09
0,0,[0],100,100,CubicSpline,0.0,0.3
0,0,[0.5],100,100,CubicSpline,0.0,0.405
0,0,[0],100,200,CubicSpline,0.0,0.335
0,0,[0.5],100,200,CubicSpline,0.0,0.425
0,0,[0],10,100,slinear,0.0,0.0
0,0,[0.5],10,100,slinear,0.0,0.0
0,0,[0],10,200,slinear,0.0,0.0
0,0,[0.5],10,200,slinear,0.0,0.0
0,0,[0],100,100,slinear,0.0,0.0
0,0,[0.5],100,100,slinear,0.0,0.0
0,0,[0],100,200,slinear,0.0,0.0
0,0,[0.5],100,200,slinear,0.0,0.0
0,sin,[0],10,100,CubicSpline,0.5,0.095
0,sin,[0.5],10,100,CubicSpline,0.5,0.12
0,sin,[0],10,200,CubicSpline,0.5,0.1
0,sin,[0.5],10,200,CubicSpline,0.5,0.235
0,sin,[0],100,100,CubicSpline,0.5,0.305
0,sin,[0.5],100,100,CubicSpline,0.5,0.485
0,sin,[0],100,200,CubicSpline,0.5,0.43
0,sin,[0.5],100,200,CubicSpline,0.5,0.59
0,sin,[0],10,100,slinear,0.5,0.0
0,sin,[0.5],10,100,slinear,0.5,0.0
0,sin,[0],10,200,slinear,0.5,0.0
0,sin,[0.5],10,200,slinear,0.5,0.0
0,sin,[0],100,100,slinear,0.5,0.0
0,sin,[0.5],100,100,slinear,0.5,0.0
0,sin,[0],100,200,slinear,0.5,0.0
0,sin,[0.5],100,200,slinear,0.5,0.0
0,sin,[0],10,100,CubicSpline,1.0,0.07
0,sin,[0.5],10,100,CubicSpline,1.0,0.12
0,sin,[0],10,200,CubicSpline,1.0,0.095
0,sin,[0.5],10,200,CubicSpline,1.0,0.135
0,sin,[0],100,100,CubicSpline,1.0,0.265
0,sin,[0.5],100,100,CubicSpline,1.0,0.435
0,sin,[0],100,200,CubicSpline,1.0,0.265
0,sin,[0.5],100,200,CubicSpline,1.0,0.4
0,sin,[0],10,100,slinear,1.0,0.0
0,sin,[0.5],10,100,slinear,1.0,0.0
0,sin,[0],10,200,slinear,1.0,0.0
0,sin,[0.5],10,200,slinear,1.0,0.0
0,sin,[0],100,100,slinear,1.0,0.0
0,sin,[0.5],100,100,slinear,1.0,0.0
0,sin,[0],100,200,slinear,1.0,0.0
0,sin,[0.5],100,200,slinear,1.0,0.0
sin,0,[0],10,100,CubicSpline,0.5,0.11
sin,0,[0.5],10,100,CubicSpline,0.5,0.13
sin,0,[0],10,200,CubicSpline,0.5,0.21
sin,0,[0.5],10,200,CubicSpline,0.5,0.25
sin,0,[0],100,100,CubicSpline,0.5,0.325
sin,0,[0.5],100,100,CubicSpline,0.5,0.44
sin,0,[0],100,200,CubicSpline,0.5,0.345
sin,0,[0.5],100,200,CubicSpline,0.5,0.5
sin,0,[0],10,100,slinear,0.5,0.0
sin,0,[0.5],10,100,slinear,0.5,0.005
sin,0,[0],10,200,slinear,0.5,0.07
sin,0,[0.5],10,200,slinear,0.5,0.065
sin,0,[0],100,100,slinear,0.5,0.0
sin,0,[0.5],100,100,slinear,0.5,0.0
sin,0,[0],100,200,slinear,0.5,0.0
sin,0,[0.5],100,200,slinear,0.5,0.0
sin,0,[0],10,100,CubicSpline,1.0,0.1
sin,0,[0.5],10,100,CubicSpline,1.0,0.185
sin,0,[0],10,200,CubicSpline,1.0,0.205
sin,0,[0.5],10,200,CubicSpline,1.0,0.25
sin,0,[0],100,100,CubicSpline,1.0,0.345
sin,0,[0.5],100,100,CubicSpline,1.0,0.37
sin,0,[0],100,200,CubicSpline,1.0,0.25
sin,0,[0.5],100,200,CubicSpline,1.0,0.435
sin,0,[0],10,100,slinear,1.0,0.01
sin,0,[0.5],10,100,slinear,1.0,0.02
sin,0,[0],10,200,slinear,1.0,0.045
sin,0,[0.5],10,200,slinear,1.0,0.065
sin,0,[0],100,100,slinear,1.0,0.0
sin,0,[0.5],100,100,slinear,1.0,0.0
sin,0,[0],100,200,slinear,1.0,0.0
sin,0,[0.5],100,200,slinear,1.0,0.0
sin,sin,[0],10,100,CubicSpline,0.0,0.11
sin,sin,[0.5],10,100,CubicSpline,0.0,0.185
sin,sin,[0],10,200,CubicSpline,0.0,0.215
sin,sin,[0.5],10,200,CubicSpline,0.0,0.23
sin,sin,[0],100,100,CubicSpline,0.0,0.335
sin,sin,[0.5],100,100,CubicSpline,0.0,0.415
sin,sin,[0],100,200,CubicSpline,0.0,0.335
sin,sin,[0.5],100,200,CubicSpline,0.0,0.415
sin,sin,[0],10,100,slinear,0.0,0.015
sin,sin,[0.5],10,100,slinear,0.0,0.005
sin,sin,[0],10,200,slinear,0.0,0.04
sin,sin,[0.5],10,200,slinear,0.0,0.065
sin,sin,[0],100,100,slinear,0.0,0.0
sin,sin,[0.5],100,100,slinear,0.0,0.0
sin,sin,[0],100,200,slinear,0.0,0.0
sin,sin,[0.5],100,200,slinear,0.0,0.0
